path	sha256
README.md	ccaf8c60ed471a9a4ce894b8f1ffa16832e84520e128f5f5772296bb61780672
bundle-signature.log	591cfe80eae938059157e7eb56acc4a6b70fb57710ca2c31cffb3c7660f4ac0d
deploy.log	06fe938cc7997cac18828c8e53eb0551ca732c57db86b9215a5a889b951da4e4
jvm-summary.json	e3d7baf21452f4f608c8859c1901e8e341aade2b75f106dd69cae28470752ee9
ready.log	9c8e2881b829988e87013cb176c121a261811cc2e9446dca5d4a2a4a55b2cf6d
receipt.json	86e4ee2fa554114f32f6fa49a98ad637c9052f4e5aba6464eaf6ea8ec25f7cac
release-source.txt	8a4830b8c6066e4a76feaee8b16256dc4901f87a965600c39b8388d0ed04d1fe
signer-after.log	ef51d86ae9d69d87f86e55a3115133ed8b5bfe62c9dd1263bfb19e8b63c37d9d
signer-before.log	ef51d86ae9d69d87f86e55a3115133ed8b5bfe62c9dd1263bfb19e8b63c37d9d
