surface_id	png_sha256	png_bytes	xml_sha256	xml_bytes
organization.area-picker.menu	6d346a2ac06b968a9fd3ce78530b5a528bd15c2d000b8471fc1e05d6b1aa7f66	39572	3c1868cc88c853f2617a5196b63b56459a8cfc4801c6ce15ea3f72db2d7820c5	18467
organization.area.color	4b014a48f5a0c4567469dd1da4549c6d37788dce19dc93a74f0ecd8899161455	102574	16e5662740b18ae0a33094804e99d744e037d5d38d6c61f111695583189f604c	55031
organization.area.create	6ccac878f50c8dbae5b6929015dcfb146decd741dd8daf3631e124860d8013c0	99668	986587f62e0704a52df8c739ec1846fbc41b7d78b49180d3181a0067b230e46a	24870
organization.area.last-required	f86f8f5bea94929f78f24a54a4c41e92a1dbc781858e4c99cf440f7f64617524	58578	d1dbe9016b60c93f0d7bc0ed3a6bb248e6f68379aca278f9dce3421280ca3324	19886
organization.area.menu	ce1004f4c374e16c7726f0583047f812ffd1475e577939617add1729f386f4ce	120129	c621e02c3c55674aeca320254d5e39900042bcf18d6b1d06e082ea350f9b1831	20182
organization.area.merge	cb5902935ede752e7f4402c5e9029fe39d822a2ec1ba412f4c075846df63da1d	136420	a03cd9efbc9a3de28df161b3a3562aecdfeb8cfe8854f3c9f9cbab4a78f89ab9	21581
organization.area.move-items	dea8d7aafb77c605aaa21ea532ad62b6a8f854f296a2b3c9c088ab7ec61f0f9f	134197	ba5ca3689e190298f058850f2334f46d454972b4bb2e78c0cb2a7153471e4925	22861
organization.area.permanent-delete	092681ac65e006e18d567b27d74aeedf1713e5547760de7e5d5af0f9349c6c72	103025	13748ac522c79f2ef03276fada76e7c1a296ecd20b401388e063fb03dc2c651d	24324
organization.area.rename	ab30d534e3113c26ede8df8657a2f3dd42fce533742f39a2f8c5b282708ff432	108578	bdffd5569b5288fd48b5a3ac29c8fb4c9192b0b470e010b9c061c6cba8fd4559	21444
organization.areas.detail	2a62090e16f27619ef95e388c7b3d7750bc2f910d321753916010939f24b789f	134276	b1fb6a5105ae578e9303b496174f6a55ee65fe585d2865f6b17ebd33da467683	31190
organization.areas.list	7ac422a321fe50d8020583dfba3306f0cdc1107e4e309ad3170b57d30d1600b6	92672	5c872f075c70e8faacfeaa0277d81b6b7a410de69f76fd44506738593a3130fc	26369
organization.move-area.large	8c76a3ffd93b27f29f5f1e95674ad23f637c20c25d9479c1104f8afc08a26943	126189	e9c567ee0e3a6efa4644247410236674ebb4d3fb5c9638cdba2f836e415d6f97	29200
organization.tag.create	1c9aeec20f801a9081e597443544f7a01570cc8b912770eabc159987901125db	85278	f289f4ba82ba8af6749beb70ed655b69c0ed40d8908847bf285b9481779e3d78	21442
organization.tag.merge	88158ad0a37642728da95a11273d6e6d42c6a51ca787705eb5ab2342f8b1d173	117405	a6a2db118d6eef3a2b67b8034869e45aac19c162b5d262a3d0aa129d61776f27	22865
organization.tag.rename	eaff9a6f1fe64dc96f1f58f423a612eaade467137a68fa628eae5a4093ef23aa	108201	1dba19422518460be2b1e99606fed11802563864a7aeb0bcf3d15924cbb3c7dd	21952
organization.tags.list	c1d52f16d41ed383cbe6d744e700da2c7422c360e4034421576311d1b6e53c02	92716	85ace12d69818e5266b80f23c2217b9c80a9eafe505da4fd469fad057b6ec0df	27723
platform.dialog.dark-on-light	d5a16d3d8263f2ce12be5372d1debaf0cf430aaa12de5703a8d468cb2fc033ca	181449	f4628cb001a2051cec6a3e02352967cb7a2b93e2ea9ed73d428a22b758ff9f18	23963
platform.dialog.inspector-dark	9b15cb00ac7b0c43ef9a9c91f166b133bdec7cd90f34a3e2826dbbe6c88052fc	107256	5b0003fe90ba6da82cba19793c2ad195487c2d3ad744ab245e3028bab913d74b	32860
platform.dialog.light-on-dark	beafeffb1f07082ad9a124776a8c39a4c1bb299733dbb21fe9d76b0145da02ef	179020	f4628cb001a2051cec6a3e02352967cb7a2b93e2ea9ed73d428a22b758ff9f18	23963
platform.dialog.primary-editor-dark	f363bc862c0234ff9012b2b9f45ece226da596a3578f75625cc2663a7310f939	163765	b0e89cee7f1366dcbe3d56b2d5098b9fad6c8f48e201eaa6072f9847659841a0	41308
platform.dialog.search-dark	fe766042ec2fb9658a72347dc3531ad6a40968f89e84e9c023e31410a05891bd	62464	e76f34f616f3ee0536ddb117aae435bd80d6a6aa53f2e26c13853c6f172e4fa0	23796
platform.dialog.task-editor-dark	5adb5589955b3f8a3316c229648585e10e45ae04ef5907b91a576d8e2a7fee06	155813	906f9726bc790b9c30f1e48a76114db5dcab5ab571a0bd2eea8a75d55f633735	41037
platform.theme.dark-on-light	09f59e6495e60d6bac664d713a8a07573721ee2c307fe6d62ab62e97d8e24142	151941	e27512aa05f13e7af1530d467563821719c72d543a13cdcf46108b8be91a9312	57199
platform.theme.health-dark-on-light	f9c5328ec9029abd941e22c256a56f92563191129ff5119a4a2f48358cc35752	187029	dc2417c2572b8253805845856859b4e84414f5e3e4f12c811d4cf807dd7e346b	25219
platform.theme.light-on-dark	61abb3eb50f0d1e6e8d66c18040e1251aefb75a6d5fa66b19bb692aff0e4f169	146247	68c4fc5df4179fea65c512b79c031bb208051b7d602b2948149da195312537c4	57199
platform.theme.main-recovery-light	e19880c309dca75ff87bd6e8af0e97c2fd2d1b14d99424544bde7f5595fd5176	104495	1e9ccffbe104911288a39ab384fd160843ac285a556226407890086261ecb4ce	18848
platform.theme.widget-dark-on-light	d0ab75ba2412697c872cdf2f39030c61c934fcf501ecf84990c66ce2c8703015	198588	d66e4b0a6df39131d680baa1b7d4681b2d416e80dd89a69581d2ea7a72fd04cc	34284
settings.about-diagnostics	61adf88062e50065e1229185430306221882b76157b4f24a31cd62ff4e9f689e	93547	dac7a0359bb324b344a1a1e6d91d7045cf6c7d8f4fbee9933b9cd5c986fc3e53	38890
settings.appearance	1632053924d92bb31921125ec6b8ae4d985d609fcbeea909aeaf6ac30896fa63	251534	8bb9aeeaf64d1f67c8a3033166eaccb05dd92c3e54a3d6d4b7c490680c0672c5	50427
settings.backup-preview	1b72e95b02b03fc7d9bba2ce1a41874ee6b8c46e86b61454b011e83c0f0d8fb5	115715	3ffb5ba97abe82fd5f6d4245617918786d47563884fac7af714281939e136585	24458
settings.custom-emoji	8484efbc063ef5f5dee6cbd158dbe4499831c1715928a0ee41e580623df54250	151993	fbe76ba5a069269303382adf9da3a610d527dcce7e2c728fab64fa48a1868fce	24150
settings.custom-unit	c1e591050cba8b5da266c1d27af8428990a147a39cd43ff8a557692b0eabbf5a	147674	44a86ce4709df80a88b8344f2a4ac99f6f67fc308ecf00120612b837a91fc674	105628
settings.custom-unit.large	7541af6f35bd191a0c2b21406f621fdbabd9c47d1714bfcbda7f9cd03e01d009	169064	4fd94bd273157b845c01481a22bacc8b65b2cbd0c7d66851914baae222d83b4e	103445
settings.data-privacy	e77f61010ea5786472ed5fa06820b51b3d59aeae44fa523f8955921c52595aa6	235252	1df52b646098e8031e1593279754ffd498f5a2dc62ea9e8f1ce33a99db88ecda	50775
settings.delete-retry.large	c84d5a8e393130b4b50b622045f746354e7e06351e5e78755b840a63ed7718fc	76576	3478dce835895c1a7123bb01d97ed71a738f826f73cadf3054fd5efb423a50c9	19863
settings.delete-retry.large-message	c5647c1b3b895d1e4dced1ebb9e8a56ae33e1998bc6ede6b30b19d5a8f96a7c9	78938	8c01441bdd794acc625f9f0548fbe61384fd702b56281927986e92888871d07e	19863
settings.health-action	d2687ff27e5df12ee957960144892e0e3ff112b2dd97b4e679725d6b5ffe16e7	199982	44c30794719feaaa48c13e3d70b8a412ccdab78e13324d2ad429661c34bce261	21884
settings.health.rationale	7d65d6662dc4522bda4f8e67022fc4f9daefcc5f60e05a2614efa8fcca91662f	186368	73a2e54ee5d941cdf01c69fd0d873e881b4988b0a9affdca59ef1dc60d2b28f8	25178
settings.index	e95152d1f99db28ccbfe8b2b335c6d0e1691e595d8fac3ee8b8327b7dc53b058	186196	19b9e25643b505363e250d3ff0b8fca5dbb14151decb4046e5ad1130e2482878	45446
settings.number-editor.discard-large	0b03823b1a3a7dc05cd5771d3935462b526f59a5abfbedaa736df454368660a1	100146	5a19ab4cfe06e1ac9b6bb3ab22d245093c2bcffe1902b8b664fe51955da0a1d2	19828
settings.number-editor.large	211bda84382059433b07be0023131823e004289df71758553d2942b50384601c	105443	a65fe9e5b15c5af3d03c1b5486399231abb13d36ab0cdd170b711cb1fb9bb5d7	21967
settings.organization	68046af23c1f8d11c31ad5b496dcd404913bd239200954f8697f1bbcad754b89	217046	27e108d1644f6ad0c745d3b744d5a21542a305160876f15534ed737ef751c0f7	45268
settings.planning	c4ad6ad35a73426d84f93f9898aa564c63c58c118664d85c51b25c4f0c247228	206195	4c725de3939d689619a4febcbc1b28af163331b3ce509ba5345d589d0cfd1604	50413
settings.reminders	32f6d84187381e8cca3faddcb479d577e17377f54784f8650a8f34f96b3c52b2	149225	9d1ed5a8c99b012d9389ce73934946177003a070fd51e6e2674f8743f4c28b02	47699
settings.reset	e9c5f8b3ac8dd8ca37ae010159552e8064a474957ea0ffcf5b40cb9cb0be9d29	185694	9482ab61c5e1a042bf43582fae689cb4becbeecb4957fc674b9ffc2d16e4fa8f	21817
settings.restore-confirm.large	346757f70b5dc1b3632722c019812373bfd183e167d32d56cf0e16ebc413fd2f	171508	1fb3130ad54a515e4a4aea772ad2f842908e6477cc5bd38cd2cdf18be6cc703e	21369
settings.restore-preview	4419e4c0c7aedaaf32f913ed06e2b633f2e29c1f2bb89eb45acccf5a3187358e	114266	abde5e6921079bc9fb594f277999bf3ef72e194cebbae81724e3445e3d6c3d6a	21835
settings.restore-preview.large	162a65d55e30be8187540c431759a4d29d210f6ef6512b8d6f223043f4fdb645	96794	e53ca0029ba42ca2f5b7de3a74708a8f5c757f25a559125f04543c8cfaf81f97	20818
shared.choice.large	06671e504e877a9a10edeec4fdf0f6e9ecb073b24a0a0befc59754359ff0af19	93114	aab49424267f758972cf07e5884bbf3b513057397134754c70d03eac1509edb1	29932
shared.choice.nested-large	a9a72ac7853d64eb28dd6fc3db49eabeef780a593dd6e954f494f0c0c0bb8c76	82520	0d6951810a0ca4e9dd6b9507b9e8b308ecaf09309db0e24eac694e8a24a6e857	19828
shared.clock-picker	999c70ead7d5d17a058074fab41f4b38cf0383a5030ffa393a5463fa0cf369cd	73462	32057573bc355623e9fd8c504dfa90cf522d0fdb80b16f4635a5bf8ca3294791	38782
shared.color-picker	b3efbb54f7c64ad1822d025d500468204a34d6f0b08f727a39701fce2f761f19	76882	ef75daea4e420db9189ce08411c883fb1e54b8362e562203181a1fcc617f3a93	55035
shared.date-picker	9261e3693ec0186e6fb1a154c97e4f2e75adb2579a050ab8d64b45e9f403be3a	83226	b5abbfdef649f5939ce4fa8bc3c252e14cc466dfbc1eb2cb8c7f750021c9b3ef	65906
shared.date-picker.large	5f54f9cb01a3fe2ffa0aa22efb8d0d79f6e2620f54aaaf2cea4c79f2131670e7	129690	0854d217dea672c1cbcdf73a6e373240cc0873d22724f2dac25d37987c42f07b	37386
shared.disclosure.menu	ae33073b2d9a7ec4d7b6e2442233e2df569db95da7246f75ec0a3700e0b7ad5b	36801	d2ce78ec3f0282948b3643eb063d66b933998844b362691baa9facebeaa92b45	19275
shared.domain.failure	fb0472cb6837172041f8637550d7e44ea4a584cbc036ef6a846457773f48ffe9	42854	dd6b859342d09c15d9d94b4f2c6392ea8478c6467ff0e2cb608be6a636589e6f	19035
shared.domain.loading	169a95a326e1acc8f3e93077a21784ea398242f99f573b2ea708fc245fb3035b	33576	02ba00898ca8a56f1bd54131e70bdff991e71e3825b8c45474c323ab6e77b911	18140
shared.first-run.configured-home	b8ad0470f30f10778413ced1bbd36a88536f2fcb328226ec50ab20fc10a2c01a	223455	17e459576e675ded53d65e533d6b0fbca79cde74efc83458a8802932b3a231df	54074
shared.first-run.customize	0a27b5f13d2883d54793f906fb061108b9710ad223a63c3c91f2ba1a837e15f6	167694	c55b5bace2113f103ad8efefe47a2aa7a68d7a8c6adae266ef8648cd9f805430	35404
shared.first-run.error-large-rtl	e5de762e7aa4fd4326919d206f9b3eb322180d6468755240371c89d1353dd7f7	153514	76506422adb72c330347210bd15bdf170f1ec5e5667638bdabe9130dd6785dfb	29313
shared.first-run.optional	fde11690d1ae97e38c0d9689cb29f656c1e4cebbfe020c7b637ed036066cfe0d	175470	8fab2bacfb34b69320d1d7d670e4111fbf8f997708ba7cf459e71f4106b1f9e4	40532
shared.first-run.optional-large-rtl	8ddab678bc4987aa23d29c443b92735ea17555150a0a63c373150a5b0f122b0f	164692	b2131e17bc6c4c42850a4333996d169c5ac0685a59ceae9bc45e05750ad54129	31882
shared.first-run.save-error	e4f9b9ea91c7858e4637368855de8257eb55cf4396b5054345889e505671889e	167970	d7b240697c434ef9c8e08729fb175606f625aad10015946fb238d0610fee380b	41040
shared.first-run.saving	a630e76e00bba1d2f30766fd9b16cbc54dea5601aa63bf669b8c4773bba8d2c0	113533	c56dd486f30df9fe0311dba22c78215f52b98e15647cd2e46bb359c8967b7957	16400
shared.first-run.setup	cc4863427a498e1cb6e41b1e587f1704985b1f7ccd7c215379da6a993b7be4fb	111039	5dd3c03ed5a01ce0901d7cdb161ac17ef30cd016e1f52ef9291315b719ba1a84	23970
shared.first-run.welcome-large	164726ef57db3dd2ec10bdd4c6b9167c4266a7b45a15589cfe20f1f97e59e358	201506	56316ffff084d80586e0f1228d067569eee81337235325f0470044e3ff584fd0	23966
shared.first-run.welcome-real	9e86947fa73c9f94567b5735f9d95fbf2a5a802fe1a6a7b3410db8936e873f4f	186131	ed9f5d67eea189b2a571adde48444a998320f5e61c26126a08cea63b11be8273	23963
shared.global-add.menu	24d6a44128c5d4cd549051560bc0b62b28ddadece9bfe8c7b019fcdde8ade5b6	162607	09bca934a8677d1a6d8116fbd6e5875e4c6c53aa4cd1524d4e61cd4626756683	19291
shared.home.clear-review	5ce821b2944bd3223963a506269ea8cba48014aadab4696840bd5207dca22550	98450	b4b7e5ff214f3a340052ae33bce396ada8256a91a3aaab49507a9cea8fecf59a	42914
shared.home.empty	5b17efa4ab9fad68ca1c96028aea2ff764e281d176a433b2ecd1a531687c0051	219427	266147708456694fb55cf89321772cdf73df6736f52b9a07633fb085f5f7a3dd	54081
shared.home.populated	25ba74ab15eb1f0e4c2719f3e085dc6dd0f990435c975a02b24c10f69a1bb855	171576	ca77d9eb299d2de1506f54afcbd1e0a801f6ba645b8b882f17485026bec56273	69310
shared.home.skipped	25a0a0a116daf0e89330a31ea2d1e2cc170f6af24de60f6f675504a39cc04342	165716	5eefe6f94b245e7d8b8f3f54918bed1ab1a76464baba0cb7e038869d52f3beac	54987
shared.home.summary-large-rtl	04e94099b78eccbe6fbd354ef75829e0b416c5890aff3a9f07d4f0dfe3fd2351	107230	dfa93a4f91a7a90dbe8eeb03b6e2f70e972eeff5030fa4258b5a5dfe07ba6f59	22923
shared.identity-emoji.custom	c41bbe937cb9d3b10f6f3ddab75328eb6a803edcc93ec90c69f742e5a1352b18	129966	9a72362b7c5c06b2ec3129cf211e90db131d023ad02c70ddcc53c119a8a3951e	58549
shared.identity-emoji.picker	5febf766e1dc1045c45937c187bc74a106349dc2629b965633fc565ab6eb8fc5	169480	407bc84f177743bbae3e1b8f403353045f3f6300830f0ae56e49ea66583d3615	83473
shared.inspector.base	6b2897ece161f92a067789085c2bb74b6195c6b73924fc09c608383f8c22fac6	78051	1381003ae8cdaacbb379ebcd382514e6f749ec1208407ecd6cc477d59fe16e4c	27559
shared.inspector.compact-large	ebb5caedd21e72eb708765ab4a6f8f1035bba761b3c274b34f6eeed7ca0222e6	85447	8757aef4d6b95aec0e6cc40dd87fbef135a9a67a636282dba0c0111dd5da996e	24979
shared.inspector.subtask-large	fab1e3c6be7a35a90a550063607f3d1307b5804bc0709d7b04d7dcbb4fd8cbfc	139348	67f0fb4e3f6c7cab01cfae9813d68fd2c7f064843fc826cf4dafcae3a96cd12f	35565
shared.inspector.task-large	2ff60747b334601134947378bb65585e6f52b0fb0baeed1d4e627e7e35406ded	134729	91d590ddbd4da27d3eb74d7ad3fc86790c68ae6ad970531150ccb1bf30f9c7a4	34211
shared.launch-queue-overflow	ae1b6aaa5db16a79ed7c6616a2c310acc2e9cebeeef6f4b2cf5890fc9d276922	77097	f66528c872d546ab9f8fd95120919700d41264160f4a6d6ea710fbaae8ee29bb	18714
shared.overflow.menu	4e00e83da912cad1d5d6daf0b9d804731f989ad0313da261f23353730fc6de7a	29757	25a5da8dfc74f1adaa124a20a759e57f1d447c8791aa6b3aa8526e0dfe12dff1	17591
shared.permanent-delete	a9c8cde6654115e5b7fe25cdfcbdeb4637ae917feed0171b81a9e74aefcb9485	69445	3af881be56b628d8f3c160396e95b96f5c8778f44b635b9cd21b8d6d6c66e20d	21210
shared.review.summary	a6bffe6ddd41e945220f67f1efb79bb04d7704aa5168f9947d46445f9e099a06	104198	b622487bd049f8328e1a83bc052525edc9ac1d49ea3cc03bddcbec0ffd41ecf8	34203
shared.search.empty	f650e2c6fd94f00cb844659aaf9125b5a1f604ff29b2497852ccb9953bcd5e46	139033	6cdb1979fa477b6784c70a27b4bff5aa8a0a9ae5076387ca27295392dadc61a1	98533
shared.search.results	2599799ff450f863166a5bff4b9445699c7e352ff7d8d929e3c033e65294bfc3	121601	a8d654d551a386bbc193deef4420f28c6774b4a874a5d543b72576f435bf99d5	99355
shared.startup-recovery.failure	6f7d9550380c19b7ad561fe1b93e731eb98d0a8a70d4dce65a89d73a020fd111	105728	0bef8c71bc68ad3bf6e28c7ed19a7d27c2426fe3eb83c716dd9e00c346f14144	19733
shared.unit.menu	1efb8e8b6070672a6e99baa3d33377285799d106b20e342b28fd21395ececa78	57236	e140f3a7e5868afe8ef1e24e3f52846ec687eabdcbc2bb47a5df26a88380d2d5	18044
shared.unsaved-changes	ce0f9e73697f24a4ca728d20518d0806f6b429a329e471d756d3a3915a0e416f	46735	5cb78c2a866525857aa7d850bde1eb8861c3690bd162ef7748a65be8c3a1181a	19827
shared.weekday-reminders	2b3898ac4a3b1c7d02e4a58017e13db9f0ed9fea6b61e23333f2966de0a24d55	90205	aa1e23443155ed28661970a7e39b12f0a9e89790c0416ad3d8d3815a8e64e541	27429
tasks.templates.extreme	86be0696c3b53d10275955133304bedeef1b14b137fc6e71d9f3c56901438692	75520	87cc512263f513bf54eb4160cb7bfe96b499281dbb5a205cfdf0d4f911447228	21575
tasks.templates.extreme.last	ca581853cd06cc35654645cb9b0ad189c83fdedeaf0f043bf7bcd45c6d21e25e	75899	97e0f167acadd149dc4911a5babb3fa50a47615b33ebfff0595649bcc9c8ac2f	23416
tasks.templates.normal	d6efbc82e082f6acc5cc18646c913227369c96cd374c3d59317633e7d6424c8d	155543	38b48f9b32e910e1faf1963501fe95a95ec36573199abfd409bba08b95dd79bb	27439
