source_key	family	discovery_kind	owner
call:AreaManagementDialog.AreaManagerRow.menu-001	organization	menu	app/src/main/java/com/whip/app/ui/AreaManagementDialog.kt
call:AreaManagementDialog.LastAreaRequiredDialog.dialog-001	organization	dialog	app/src/main/java/com/whip/app/ui/AreaManagementDialog.kt
call:AreaManagementDialog.MergeAreaDialog.dialog-001	organization	dialog	app/src/main/java/com/whip/app/ui/AreaManagementDialog.kt
call:AreaManagementDialog.MoveAreaItemsDialog.dialog-001	organization	dialog	app/src/main/java/com/whip/app/ui/AreaManagementDialog.kt
call:AreaManagementDialog.PermanentAreaDeleteDialog.dialog-001	organization	dialog	app/src/main/java/com/whip/app/ui/AreaManagementDialog.kt
call:AreaManagementDialog.RenameAreaDialog.dialog-001	organization	dialog	app/src/main/java/com/whip/app/ui/AreaManagementDialog.kt
call:AreaManagementDialog.error.dialog-001	organization	dialog	app/src/main/java/com/whip/app/ui/AreaManagementDialog.kt
call:AreaPicker.AreaSelectionDropdown.menu-001	organization	menu	app/src/main/java/com/whip/app/ui/AreaPicker.kt
call:AreaPicker.submitCreate.dialog-001	organization	dialog	app/src/main/java/com/whip/app/ui/AreaPicker.kt
call:EditorProtection.UnsavedChangesDialog.dialog-001	shared	dialog	app/src/main/java/com/whip/app/ui/EditorProtection.kt
call:EntityInspector.EntityInspector.dialog-001	shared	dialog	app/src/main/java/com/whip/app/ui/EntityInspector.kt
call:FirstRunSetupDialog.FirstRunSetupDialog.dialog-001	shared	dialog	app/src/main/java/com/whip/app/ui/FirstRunSetupDialog.kt
call:FiveThreeOneBuilder.applyPreview.dialog-001	gym	dialog	app/src/main/java/com/whip/app/ui/FiveThreeOneBuilder.kt
call:FiveThreeOneCycleReview.FiveThreeOneCycleReviewDialog.dialog-001	gym	dialog	app/src/main/java/com/whip/app/ui/FiveThreeOneCycleReview.kt
call:GoalScreens.GoalAreaContent.menu-001	goals	menu	app/src/main/java/com/whip/app/ui/GoalScreens.kt
call:GoalScreens.GoalPermanentDeleteDialog.dialog-001	goals	dialog	app/src/main/java/com/whip/app/ui/GoalScreens.kt
call:GoalScreens.GoalTemplateDialog.dialog-001	goals	dialog	app/src/main/java/com/whip/app/ui/GoalScreens.kt
call:GoalScreens.requestDismiss.dialog-001	goals	dialog	app/src/main/java/com/whip/app/ui/GoalScreens.kt
call:GoalScreens.requestDismiss.dialog-002	goals	dialog	app/src/main/java/com/whip/app/ui/GoalScreens.kt
call:GoalScreens.requestDismiss.dialog-003	goals	dialog	app/src/main/java/com/whip/app/ui/GoalScreens.kt
call:GoalScreens.requestDismiss.dialog-004	goals	dialog	app/src/main/java/com/whip/app/ui/GoalScreens.kt
call:GymScreens.ConfirmationDialog.dialog-001	gym	dialog	app/src/main/java/com/whip/app/ui/GymScreens.kt
call:GymScreens.DefaultsMeaningChangeDialog.dialog-001	gym	dialog	app/src/main/java/com/whip/app/ui/GymScreens.kt
call:GymScreens.ExerciseCategoryContent.dialog-001	gym	dialog	app/src/main/java/com/whip/app/ui/GymScreens.kt
call:GymScreens.ExerciseComparisonField.menu-001	gym	menu	app/src/main/java/com/whip/app/ui/GymScreens.kt
call:GymScreens.ExercisePermanentDeleteDialog.dialog-001	gym	dialog	app/src/main/java/com/whip/app/ui/GymScreens.kt
call:GymScreens.ExerciseSelectionField.menu-001	gym	menu	app/src/main/java/com/whip/app/ui/GymScreens.kt
call:GymScreens.MachineChoiceDialog.dialog-001	gym	dialog	app/src/main/java/com/whip/app/ui/GymScreens.kt
call:GymScreens.MachineLibraryContent.menu-001	gym	menu	app/src/main/java/com/whip/app/ui/GymScreens.kt
call:GymScreens.MachinePermanentDeleteDialog.dialog-001	gym	dialog	app/src/main/java/com/whip/app/ui/GymScreens.kt
call:GymScreens.RestDurationDialog.dialog-001	gym	dialog	app/src/main/java/com/whip/app/ui/GymScreens.kt
call:GymScreens.RoutineContent.dialog-001	gym	dialog	app/src/main/java/com/whip/app/ui/GymScreens.kt
call:GymScreens.RoutineContent.dialog-002	gym	dialog	app/src/main/java/com/whip/app/ui/GymScreens.kt
call:GymScreens.RoutineContent.menu-001	gym	menu	app/src/main/java/com/whip/app/ui/GymScreens.kt
call:GymScreens.RoutinePermanentDeleteDialog.dialog-001	gym	dialog	app/src/main/java/com/whip/app/ui/GymScreens.kt
call:GymScreens.RoutineProgramPositionDialog.dialog-001	gym	dialog	app/src/main/java/com/whip/app/ui/GymScreens.kt
call:GymScreens.WorkoutEditorDialog.dialog-001	gym	dialog	app/src/main/java/com/whip/app/ui/GymScreens.kt
call:GymScreens.WorkoutExerciseCard.menu-001	gym	menu	app/src/main/java/com/whip/app/ui/GymScreens.kt
call:GymScreens.WorkoutHistoryCard.menu-001	gym	menu	app/src/main/java/com/whip/app/ui/GymScreens.kt
call:GymScreens.WorkoutPermanentDeleteDialog.dialog-001	gym	dialog	app/src/main/java/com/whip/app/ui/GymScreens.kt
call:GymScreens.WorkoutSetActionsMenu.menu-001	gym	menu	app/src/main/java/com/whip/app/ui/GymScreens.kt
call:GymScreens.allocationFor.dialog-001	gym	dialog	app/src/main/java/com/whip/app/ui/GymScreens.kt
call:HabitScreens.HabitHistoryLogDialog.dialog-001	habits	dialog	app/src/main/java/com/whip/app/ui/HabitScreens.kt
call:HabitScreens.HabitHistoryLogDialog.dialog-002	habits	dialog	app/src/main/java/com/whip/app/ui/HabitScreens.kt
call:HabitScreens.HabitList.menu-001	habits	menu	app/src/main/java/com/whip/app/ui/HabitScreens.kt
call:HabitScreens.HabitPauseDialog.dialog-001	habits	dialog	app/src/main/java/com/whip/app/ui/HabitScreens.kt
call:HabitScreens.HabitPauseDialog.dialog-002	habits	dialog	app/src/main/java/com/whip/app/ui/HabitScreens.kt
call:HabitScreens.HabitPermanentDeleteDialog.dialog-001	habits	dialog	app/src/main/java/com/whip/app/ui/HabitScreens.kt
call:HabitScreens.HabitTemplateDialog.dialog-001	habits	dialog	app/src/main/java/com/whip/app/ui/HabitScreens.kt
call:HabitScreens.HabitTimerReviewDialog.dialog-001	habits	dialog	app/src/main/java/com/whip/app/ui/HabitScreens.kt
call:HabitScreens.HabitValueDialog.dialog-001	habits	dialog	app/src/main/java/com/whip/app/ui/HabitScreens.kt
call:HabitScreens.latestPeriodLog.dialog-001	habits	dialog	app/src/main/java/com/whip/app/ui/HabitScreens.kt
call:IdentityEmojiPicker.useCustom.dialog-001	shared	dialog	app/src/main/java/com/whip/app/ui/IdentityEmojiPicker.kt
call:ItemControlPatterns.DisclosureRow.menu-001	shared	menu	app/src/main/java/com/whip/app/ui/ItemControlPatterns.kt
call:ItemControlPatterns.WhipOverflowMenu.menu-001	shared	menu	app/src/main/java/com/whip/app/ui/ItemControlPatterns.kt
call:ItemControlPatterns.selectDestination.menu-001	shared	menu	app/src/main/java/com/whip/app/ui/ItemControlPatterns.kt
call:LaunchQueueOverflowDialog.LaunchQueueOverflowDialog.dialog-001	shared	dialog	app/src/main/java/com/whip/app/ui/LaunchQueueOverflowDialog.kt
call:PendingTaskEditorLaunchDialog.PendingTaskEditorLaunchDialog.dialog-001	tasks	dialog	app/src/main/java/com/whip/app/ui/PendingTaskEditorLaunchDialog.kt
call:PermanentDeleteDialog.PermanentDeleteDialog.dialog-001	shared	dialog	app/src/main/java/com/whip/app/ui/PermanentDeleteDialog.kt
call:ProductivityEditorComponents.ClockPickerButton.dialog-001	shared	dialog	app/src/main/java/com/whip/app/ui/ProductivityEditorComponents.kt
call:ProductivityEditorComponents.ClockPickerDialog.dialog-001	shared	dialog	app/src/main/java/com/whip/app/ui/ProductivityEditorComponents.kt
call:ProductivityEditorComponents.ProductivityEditorDialog.dialog-001	shared	dialog	app/src/main/java/com/whip/app/ui/ProductivityEditorComponents.kt
call:ProductivityEditorComponents.WeekdayReminderEditor.dialog-001	shared	dialog	app/src/main/java/com/whip/app/ui/ProductivityEditorComponents.kt
call:RoutineBuilder.ClassificationSelector.menu-001	gym	menu	app/src/main/java/com/whip/app/ui/RoutineBuilder.kt
call:RoutineBuilder.QuickMachineDialog.dialog-001	gym	dialog	app/src/main/java/com/whip/app/ui/RoutineBuilder.kt
call:RoutineBuilder.RepPrescriptionSchemeDialog.dialog-001	gym	dialog	app/src/main/java/com/whip/app/ui/RoutineBuilder.kt
call:RoutineBuilder.RepPrescriptionSchemeDialog.menu-001	gym	menu	app/src/main/java/com/whip/app/ui/RoutineBuilder.kt
call:RoutineBuilder.RoutinePlacementCard.menu-001	gym	menu	app/src/main/java/com/whip/app/ui/RoutineBuilder.kt
call:RoutineBuilder.RoutinePlacementEditor.dialog-001	gym	dialog	app/src/main/java/com/whip/app/ui/RoutineBuilder.kt
call:RoutineBuilder.RoutinePlacementEditor.menu-001	gym	menu	app/src/main/java/com/whip/app/ui/RoutineBuilder.kt
call:RoutineBuilder.RoutinePlacementEditor.menu-002	gym	menu	app/src/main/java/com/whip/app/ui/RoutineBuilder.kt
call:RoutineBuilder.RoutineProgramStructurePage.dialog-001	gym	dialog	app/src/main/java/com/whip/app/ui/RoutineBuilder.kt
call:SettingsScreens.BackupRestorePreviewDialogs.dialog-001	settings	dialog	app/src/main/java/com/whip/app/ui/SettingsScreens.kt
call:SettingsScreens.CustomIdentityEmojiDialog.dialog-001	settings	dialog	app/src/main/java/com/whip/app/ui/SettingsScreens.kt
call:SettingsScreens.requestDismiss.dialog-001	settings	dialog	app/src/main/java/com/whip/app/ui/SettingsScreens.kt
call:SettingsScreens.submitHealthAction.dialog-001	settings	dialog	app/src/main/java/com/whip/app/ui/SettingsScreens.kt
call:SettingsScreens.submitHealthAction.dialog-002	settings	dialog	app/src/main/java/com/whip/app/ui/SettingsScreens.kt
call:TagManagementDialog.CreateTagDialog.dialog-001	organization	dialog	app/src/main/java/com/whip/app/ui/TagManagementDialog.kt
call:TagManagementDialog.MergeTagDialog.dialog-001	organization	dialog	app/src/main/java/com/whip/app/ui/TagManagementDialog.kt
call:TagManagementDialog.RenameTagDialog.dialog-001	organization	dialog	app/src/main/java/com/whip/app/ui/TagManagementDialog.kt
call:TagManagementDialog.error.dialog-001	organization	dialog	app/src/main/java/com/whip/app/ui/TagManagementDialog.kt
call:TaskComponents.PermanentTaskDeleteDialog.dialog-001	tasks	dialog	app/src/main/java/com/whip/app/ui/TaskComponents.kt
call:TaskComponents.TaskActionsDialog.dialog-001	tasks	dialog	app/src/main/java/com/whip/app/ui/TaskComponents.kt
call:TaskEditorDialog.TaskRecipeDialog.dialog-001	tasks	dialog	app/src/main/java/com/whip/app/ui/TaskEditorDialog.kt
call:TaskEditorDialog.setRepeatEnabled.dialog-001	tasks	dialog	app/src/main/java/com/whip/app/ui/TaskEditorDialog.kt
call:TaskEditorDialog.setRepeatEnabled.dialog-002	tasks	dialog	app/src/main/java/com/whip/app/ui/TaskEditorDialog.kt
call:TaskEditorDialog.setRepeatEnabled.dialog-003	tasks	dialog	app/src/main/java/com/whip/app/ui/TaskEditorDialog.kt
call:TaskEditorDialog.setRepeatEnabled.dialog-004	tasks	dialog	app/src/main/java/com/whip/app/ui/TaskEditorDialog.kt
call:TaskEditorDialog.setRepeatEnabled.dialog-005	tasks	dialog	app/src/main/java/com/whip/app/ui/TaskEditorDialog.kt
call:TrackScreens.TrackActivityRow.menu-001	tracks	menu	app/src/main/java/com/whip/app/ui/TrackScreens.kt
call:TrackScreens.TrackConditionEditor.dialog-001	tracks	dialog	app/src/main/java/com/whip/app/ui/TrackScreens.kt
call:TrackScreens.TrackCsvImportDialog.dialog-001	tracks	dialog	app/src/main/java/com/whip/app/ui/TrackScreens.kt
call:TrackScreens.TrackEntryDeleteRoute.dialog-001	tracks	dialog	app/src/main/java/com/whip/app/ui/TrackScreens.kt
call:TrackScreens.TrackEntryRow.menu-001	tracks	menu	app/src/main/java/com/whip/app/ui/TrackScreens.kt
call:TrackScreens.TrackFilterDialog.dialog-001	tracks	dialog	app/src/main/java/com/whip/app/ui/TrackScreens.kt
call:TrackScreens.currentDraft.dialog-001	tracks	dialog	app/src/main/java/com/whip/app/ui/TrackScreens.kt
call:TrackScreens.currentDraft.dialog-002	tracks	dialog	app/src/main/java/com/whip/app/ui/TrackScreens.kt
call:TrackScreens.currentDraft.dialog-003	tracks	dialog	app/src/main/java/com/whip/app/ui/TrackScreens.kt
call:TrackScreens.moveWithin.menu-001	tracks	menu	app/src/main/java/com/whip/app/ui/TrackScreens.kt
call:TrackScreens.reloadPage.dialog-001	tracks	dialog	app/src/main/java/com/whip/app/ui/TrackScreens.kt
call:TrackScreens.requestDismiss.dialog-001	tracks	dialog	app/src/main/java/com/whip/app/ui/TrackScreens.kt
call:TrackScreens.requestDismiss.dialog-002	tracks	dialog	app/src/main/java/com/whip/app/ui/TrackScreens.kt
call:TrackScreens.requestDismiss.dialog-003	tracks	dialog	app/src/main/java/com/whip/app/ui/TrackScreens.kt
call:TrackScreens.requestDismiss.dialog-004	tracks	dialog	app/src/main/java/com/whip/app/ui/TrackScreens.kt
call:TrackScreens.requestDismiss.dialog-005	tracks	dialog	app/src/main/java/com/whip/app/ui/TrackScreens.kt
call:TrackScreens.trackDetail.dialog-001	tracks	dialog	app/src/main/java/com/whip/app/ui/TrackScreens.kt
call:TrackScreens.trackDetail.dialog-002	tracks	dialog	app/src/main/java/com/whip/app/ui/TrackScreens.kt
call:TrackScreens.trackDetail.dialog-003	tracks	dialog	app/src/main/java/com/whip/app/ui/TrackScreens.kt
call:UnifiedSearchDialog.UnifiedSearchDialog.dialog-001	shared	dialog	app/src/main/java/com/whip/app/ui/UnifiedSearchDialog.kt
call:UnitSelectionField.UnitSelectionField.menu-001	shared	menu	app/src/main/java/com/whip/app/ui/UnitSelectionField.kt
call:WhipApp.AreaScopeMenu.menu-001	tasks	menu	app/src/main/java/com/whip/app/ui/WhipApp.kt
call:WhipApp.PermanentTaskBatchDeleteDialog.dialog-001	tasks	dialog	app/src/main/java/com/whip/app/ui/WhipApp.kt
call:WhipApp.TaskBulkEditDialog.dialog-001	tasks	dialog	app/src/main/java/com/whip/app/ui/WhipApp.kt
call:WhipApp.TaskRescheduleRoute.dialog-001	tasks	dialog	app/src/main/java/com/whip/app/ui/WhipApp.kt
call:WhipApp.returnToHomeAfterDataReset.dialog-001	tasks	dialog	app/src/main/java/com/whip/app/ui/WhipApp.kt
call:WhipApp.returnToHomeAfterDataReset.menu-001	tasks	menu	app/src/main/java/com/whip/app/ui/WhipApp.kt
call:WhipApp.returnToHomeAfterDataReset.menu-002	tasks	menu	app/src/main/java/com/whip/app/ui/WhipApp.kt
call:WhipApp.startTaskSelection.dialog-001	tasks	dialog	app/src/main/java/com/whip/app/ui/WhipApp.kt
call:WhipApp.startTaskSelection.dialog-002	tasks	dialog	app/src/main/java/com/whip/app/ui/WhipApp.kt
call:WhipApp.startTaskSelection.dialog-003	tasks	dialog	app/src/main/java/com/whip/app/ui/WhipApp.kt
call:WhipApp.startTaskSelection.dialog-004	tasks	dialog	app/src/main/java/com/whip/app/ui/WhipApp.kt
call:WhipApp.startTaskSelection.menu-001	tasks	menu	app/src/main/java/com/whip/app/ui/WhipApp.kt
call:WhipColorPicker.adoptSliders.dialog-001	shared	dialog	app/src/main/java/com/whip/app/ui/WhipColorPicker.kt
symbol:AreaManagementDialog.AreaColorDialog	organization	dialog	app/src/main/java/com/whip/app/ui/AreaManagementDialog.kt
symbol:AreaManagementDialog.AreaDetailContent	organization	page	app/src/main/java/com/whip/app/ui/AreaManagementDialog.kt
symbol:AreaManagementDialog.AreaListContent	organization	page	app/src/main/java/com/whip/app/ui/AreaManagementDialog.kt
symbol:AreaManagementDialog.AreaManagementDialog	organization	dialog	app/src/main/java/com/whip/app/ui/AreaManagementDialog.kt
symbol:AreaManagementDialog.LastAreaRequiredDialog	organization	dialog	app/src/main/java/com/whip/app/ui/AreaManagementDialog.kt
symbol:AreaManagementDialog.MergeAreaDialog	organization	dialog	app/src/main/java/com/whip/app/ui/AreaManagementDialog.kt
symbol:AreaManagementDialog.MoveAreaItemsDialog	organization	dialog	app/src/main/java/com/whip/app/ui/AreaManagementDialog.kt
symbol:AreaManagementDialog.PermanentAreaDeleteDialog	organization	dialog	app/src/main/java/com/whip/app/ui/AreaManagementDialog.kt
symbol:AreaManagementDialog.RenameAreaDialog	organization	dialog	app/src/main/java/com/whip/app/ui/AreaManagementDialog.kt
symbol:AreaPicker.CreateAreaDialog	organization	dialog	app/src/main/java/com/whip/app/ui/AreaPicker.kt
symbol:DomainLoadContent.DomainLoadContent	shared	page	app/src/main/java/com/whip/app/ui/DomainLoadContent.kt
symbol:EditorProtection.UnsavedChangesDialog	shared	dialog	app/src/main/java/com/whip/app/ui/EditorProtection.kt
symbol:FirstRunSetupDialog.FirstRunSetupDialog	shared	dialog	app/src/main/java/com/whip/app/ui/FirstRunSetupDialog.kt
symbol:FiveThreeOneCycleReview.FiveThreeOneCycleReviewDialog	gym	dialog	app/src/main/java/com/whip/app/ui/FiveThreeOneCycleReview.kt
symbol:GoalScreens.ElapsedGoalResetDialog	goals	dialog	app/src/main/java/com/whip/app/ui/GoalScreens.kt
symbol:GoalScreens.GoalActionsDialog	goals	dialog	app/src/main/java/com/whip/app/ui/GoalScreens.kt
symbol:GoalScreens.GoalAreaContent	goals	page	app/src/main/java/com/whip/app/ui/GoalScreens.kt
symbol:GoalScreens.GoalEditorDialog	goals	dialog	app/src/main/java/com/whip/app/ui/GoalScreens.kt
symbol:GoalScreens.GoalInsightsContent	goals	page	app/src/main/java/com/whip/app/ui/GoalScreens.kt
symbol:GoalScreens.GoalMeasurementDialog	goals	dialog	app/src/main/java/com/whip/app/ui/GoalScreens.kt
symbol:GoalScreens.GoalPermanentDeleteDialog	goals	dialog	app/src/main/java/com/whip/app/ui/GoalScreens.kt
symbol:GoalScreens.GoalTemplateDialog	goals	dialog	app/src/main/java/com/whip/app/ui/GoalScreens.kt
symbol:GymScreens.ConfirmationDialog	gym	dialog	app/src/main/java/com/whip/app/ui/GymScreens.kt
symbol:GymScreens.DefaultsMeaningChangeDialog	gym	dialog	app/src/main/java/com/whip/app/ui/GymScreens.kt
symbol:GymScreens.ExerciseActionsDialog	gym	dialog	app/src/main/java/com/whip/app/ui/GymScreens.kt
symbol:GymScreens.ExerciseCategoryContent	gym	page	app/src/main/java/com/whip/app/ui/GymScreens.kt
symbol:GymScreens.ExerciseEditorDialog	gym	dialog	app/src/main/java/com/whip/app/ui/GymScreens.kt
symbol:GymScreens.ExerciseLibraryContent	gym	page	app/src/main/java/com/whip/app/ui/GymScreens.kt
symbol:GymScreens.ExercisePermanentDeleteDialog	gym	dialog	app/src/main/java/com/whip/app/ui/GymScreens.kt
symbol:GymScreens.ExercisePickerDialog	gym	dialog	app/src/main/java/com/whip/app/ui/GymScreens.kt
symbol:GymScreens.GymAreaContent	gym	page	app/src/main/java/com/whip/app/ui/GymScreens.kt
symbol:GymScreens.GymHistoryRoute	gym	page	app/src/main/java/com/whip/app/ui/GymScreens.kt
symbol:GymScreens.GymLibraryLanding	gym	page	app/src/main/java/com/whip/app/ui/GymScreens.kt
symbol:GymScreens.GymProgressContent	gym	page	app/src/main/java/com/whip/app/ui/GymScreens.kt
symbol:GymScreens.GymToolsContent	gym	page	app/src/main/java/com/whip/app/ui/GymScreens.kt
symbol:GymScreens.GymWorkoutRoute	gym	page	app/src/main/java/com/whip/app/ui/GymScreens.kt
symbol:GymScreens.MachineChoiceDialog	gym	dialog	app/src/main/java/com/whip/app/ui/GymScreens.kt
symbol:GymScreens.MachineEditorDialog	gym	dialog	app/src/main/java/com/whip/app/ui/GymScreens.kt
symbol:GymScreens.MachineLibraryContent	gym	page	app/src/main/java/com/whip/app/ui/GymScreens.kt
symbol:GymScreens.MachinePermanentDeleteDialog	gym	dialog	app/src/main/java/com/whip/app/ui/GymScreens.kt
symbol:GymScreens.RestDurationDialog	gym	dialog	app/src/main/java/com/whip/app/ui/GymScreens.kt
symbol:GymScreens.RoutineContent	gym	page	app/src/main/java/com/whip/app/ui/GymScreens.kt
symbol:GymScreens.RoutinePermanentDeleteDialog	gym	dialog	app/src/main/java/com/whip/app/ui/GymScreens.kt
symbol:GymScreens.RoutineProgramPositionDialog	gym	dialog	app/src/main/java/com/whip/app/ui/GymScreens.kt
symbol:GymScreens.TrackedRecordsManagerDialog	gym	dialog	app/src/main/java/com/whip/app/ui/GymScreens.kt
symbol:GymScreens.WorkoutContent	gym	page	app/src/main/java/com/whip/app/ui/GymScreens.kt
symbol:GymScreens.WorkoutEditorDialog	gym	dialog	app/src/main/java/com/whip/app/ui/GymScreens.kt
symbol:GymScreens.WorkoutExerciseNotesDialog	gym	dialog	app/src/main/java/com/whip/app/ui/GymScreens.kt
symbol:GymScreens.WorkoutGroupDialog	gym	dialog	app/src/main/java/com/whip/app/ui/GymScreens.kt
symbol:GymScreens.WorkoutHistoryContent	gym	page	app/src/main/java/com/whip/app/ui/GymScreens.kt
symbol:GymScreens.WorkoutPermanentDeleteDialog	gym	dialog	app/src/main/java/com/whip/app/ui/GymScreens.kt
symbol:GymScreens.WorkoutSetEditorDialog	gym	dialog	app/src/main/java/com/whip/app/ui/GymScreens.kt
symbol:HabitScreens.HabitActionsDialog	habits	dialog	app/src/main/java/com/whip/app/ui/HabitScreens.kt
symbol:HabitScreens.HabitAreaContent	habits	page	app/src/main/java/com/whip/app/ui/HabitScreens.kt
symbol:HabitScreens.HabitEditorDialog	habits	dialog	app/src/main/java/com/whip/app/ui/HabitScreens.kt
symbol:HabitScreens.HabitHistoryLogDialog	habits	dialog	app/src/main/java/com/whip/app/ui/HabitScreens.kt
symbol:HabitScreens.HabitPauseDialog	habits	dialog	app/src/main/java/com/whip/app/ui/HabitScreens.kt
symbol:HabitScreens.HabitPermanentDeleteDialog	habits	dialog	app/src/main/java/com/whip/app/ui/HabitScreens.kt
symbol:HabitScreens.HabitTemplateDialog	habits	dialog	app/src/main/java/com/whip/app/ui/HabitScreens.kt
symbol:HabitScreens.HabitTimerReviewDialog	habits	dialog	app/src/main/java/com/whip/app/ui/HabitScreens.kt
symbol:HabitScreens.HabitValueDialog	habits	dialog	app/src/main/java/com/whip/app/ui/HabitScreens.kt
symbol:HealthPermissionsRationaleActivity.HealthPermissionsRationaleContent	settings	page	app/src/main/java/com/whip/app/health/HealthPermissionsRationaleActivity.kt
symbol:LaunchQueueOverflowDialog.LaunchQueueOverflowDialog	shared	dialog	app/src/main/java/com/whip/app/ui/LaunchQueueOverflowDialog.kt
symbol:MainActivity.NormalWhipContent	shared	page	app/src/main/java/com/whip/app/MainActivity.kt
symbol:MainActivity.WhipActivityContent	shared	page	app/src/main/java/com/whip/app/MainActivity.kt
symbol:PendingTaskEditorLaunchDialog.PendingTaskEditorLaunchDialog	tasks	dialog	app/src/main/java/com/whip/app/ui/PendingTaskEditorLaunchDialog.kt
symbol:PermanentDeleteDialog.PermanentDeleteDialog	shared	dialog	app/src/main/java/com/whip/app/ui/PermanentDeleteDialog.kt
symbol:ProductivityEditorComponents.ClockPickerDialog	shared	dialog	app/src/main/java/com/whip/app/ui/ProductivityEditorComponents.kt
symbol:ProductivityEditorComponents.PaneAwareAlertDialog	shared	dialog	app/src/main/java/com/whip/app/ui/ProductivityEditorComponents.kt
symbol:ProductivityEditorComponents.ProductivityEditorDialog	shared	dialog	app/src/main/java/com/whip/app/ui/ProductivityEditorComponents.kt
symbol:ReviewDialog.ReviewDialog	shared	dialog	app/src/main/java/com/whip/app/ui/ReviewDialog.kt
symbol:RoutineBuilder.ExercisePickerPage	gym	page	app/src/main/java/com/whip/app/ui/RoutineBuilder.kt
symbol:RoutineBuilder.FiveThreeOneProgramSetupDialog	gym	dialog	app/src/main/java/com/whip/app/ui/RoutineBuilder.kt
symbol:RoutineBuilder.QuickMachineDialog	gym	dialog	app/src/main/java/com/whip/app/ui/RoutineBuilder.kt
symbol:RoutineBuilder.RepPrescriptionSchemeDialog	gym	dialog	app/src/main/java/com/whip/app/ui/RoutineBuilder.kt
symbol:RoutineBuilder.RoutineBuilderScreen	gym	page	app/src/main/java/com/whip/app/ui/RoutineBuilder.kt
symbol:RoutineBuilder.RoutineProgramStructurePage	gym	page	app/src/main/java/com/whip/app/ui/RoutineBuilder.kt
symbol:RoutineBuilder.WorkoutPickerPage	gym	page	app/src/main/java/com/whip/app/ui/RoutineBuilder.kt
symbol:SettingsScreens.CustomIdentityEmojiDialog	settings	dialog	app/src/main/java/com/whip/app/ui/SettingsScreens.kt
symbol:SettingsScreens.SettingsContent	settings	page	app/src/main/java/com/whip/app/ui/SettingsScreens.kt
symbol:StartupRecoveryScreen.StartupRecoveryScreen	settings	page	app/src/main/java/com/whip/app/ui/StartupRecoveryScreen.kt
symbol:TagManagementDialog.CreateTagDialog	organization	dialog	app/src/main/java/com/whip/app/ui/TagManagementDialog.kt
symbol:TagManagementDialog.MergeTagDialog	organization	dialog	app/src/main/java/com/whip/app/ui/TagManagementDialog.kt
symbol:TagManagementDialog.RenameTagDialog	organization	dialog	app/src/main/java/com/whip/app/ui/TagManagementDialog.kt
symbol:TagManagementDialog.TagManagementDialog	organization	dialog	app/src/main/java/com/whip/app/ui/TagManagementDialog.kt
symbol:TaskComponents.CompletedTaskDialog	tasks	dialog	app/src/main/java/com/whip/app/ui/TaskComponents.kt
symbol:TaskComponents.PermanentTaskDeleteDialog	tasks	dialog	app/src/main/java/com/whip/app/ui/TaskComponents.kt
symbol:TaskComponents.TaskActionsDialog	tasks	dialog	app/src/main/java/com/whip/app/ui/TaskComponents.kt
symbol:TaskEditorDialog.TaskEditorDialog	tasks	dialog	app/src/main/java/com/whip/app/ui/TaskEditorDialog.kt
symbol:TaskEditorDialog.TaskRecipeDialog	tasks	dialog	app/src/main/java/com/whip/app/ui/TaskEditorDialog.kt
symbol:TrackScreens.AllTracksPage	tracks	page	app/src/main/java/com/whip/app/ui/TrackScreens.kt
symbol:TrackScreens.TrackActivityPage	tracks	page	app/src/main/java/com/whip/app/ui/TrackScreens.kt
symbol:TrackScreens.TrackAreaContent	tracks	page	app/src/main/java/com/whip/app/ui/TrackScreens.kt
symbol:TrackScreens.TrackCsvImportDialog	tracks	dialog	app/src/main/java/com/whip/app/ui/TrackScreens.kt
symbol:TrackScreens.TrackDetailPage	tracks	page	app/src/main/java/com/whip/app/ui/TrackScreens.kt
symbol:TrackScreens.TrackEntriesPage	tracks	page	app/src/main/java/com/whip/app/ui/TrackScreens.kt
symbol:TrackScreens.TrackEntryDeleteRoute	tracks	page	app/src/main/java/com/whip/app/ui/TrackScreens.kt
symbol:TrackScreens.TrackEntryDetailsDialog	tracks	dialog	app/src/main/java/com/whip/app/ui/TrackScreens.kt
symbol:TrackScreens.TrackFilterDialog	tracks	dialog	app/src/main/java/com/whip/app/ui/TrackScreens.kt
symbol:TrackScreens.TrackInsightsPage	tracks	page	app/src/main/java/com/whip/app/ui/TrackScreens.kt
symbol:TrackScreens.TrackOptionsPage	tracks	page	app/src/main/java/com/whip/app/ui/TrackScreens.kt
symbol:TrackScreens.TrackWorkspaceInsightsPage	tracks	page	app/src/main/java/com/whip/app/ui/TrackScreens.kt
symbol:UnifiedSearchDialog.UnifiedSearchDialog	shared	dialog	app/src/main/java/com/whip/app/ui/UnifiedSearchDialog.kt
symbol:WhipApp.FirstRunSetupRoute	tasks	page	app/src/main/java/com/whip/app/ui/WhipApp.kt
symbol:WhipApp.HomeContent	tasks	page	app/src/main/java/com/whip/app/ui/WhipApp.kt
symbol:WhipApp.HomeHabitValueRoute	tasks	page	app/src/main/java/com/whip/app/ui/WhipApp.kt
symbol:WhipApp.PermanentTaskBatchDeleteDialog	tasks	dialog	app/src/main/java/com/whip/app/ui/WhipApp.kt
symbol:WhipApp.TaskAreaContent	tasks	page	app/src/main/java/com/whip/app/ui/WhipApp.kt
symbol:WhipApp.TaskBulkEditDialog	tasks	dialog	app/src/main/java/com/whip/app/ui/WhipApp.kt
symbol:WhipApp.TaskPermanentDeleteRoute	tasks	page	app/src/main/java/com/whip/app/ui/WhipApp.kt
symbol:WhipApp.TaskRescheduleRoute	tasks	page	app/src/main/java/com/whip/app/ui/WhipApp.kt
symbol:WhipApp.TrackEntryUnavailableRoute	tasks	page	app/src/main/java/com/whip/app/ui/WhipApp.kt
symbol:WhipApp.WhipScreen	tasks	page	app/src/main/java/com/whip/app/ui/WhipApp.kt
symbol:WhipColorPicker.WhipColorPickerDialog	shared	dialog	app/src/main/java/com/whip/app/ui/WhipColorPicker.kt
symbol:WhipDatePickerDialog.WhipDatePickerDialog	shared	dialog	app/src/main/java/com/whip/app/ui/WhipDatePickerDialog.kt
